A1,A2,A3,A4,A5
Breach,Brimstone,Chamber,Raze,Sage
Astra,Breach,Chamber,Raze,Viper
Breach,Brimstone,Chamber,KAY/O,Neon
Breach,Brimstone,Cypher,Jett,Viper
Breach,Brimstone,Chamber,Neon,Raze
Breach,Brimstone,Chamber,Cypher,Raze
Breach,Brimstone,Chamber,Jett,Raze
Breach,Brimstone,Chamber,Raze,Viper
Breach,Brimstone,Chamber,KAY/O,Raze
Breach,Brimstone,Cypher,Jett,Sage
Breach,Brimstone,Chamber,Jett,Sage
Breach,Brimstone,Cypher,Raze,Sage
Astra,Breach,Chamber,Jett,Viper
Breach,Brimstone,Chamber,Neon,Sage
Breach,Jett,Killjoy,Sage,Viper
Astra,Breach,Chamber,Jett,Raze
Astra,Breach,Chamber,Neon,Omen
Astra,Breach,Cypher,Raze,Viper
Breach,Brimstone,Chamber,Jett,Viper
Breach,Brimstone,Chamber,Neon,Viper
Breach,Brimstone,Chamber,Raze,Yoru
Breach,Brimstone,Cypher,Jett,Neon
Breach,Brimstone,Cypher,Raze,Viper
Breach,Chamber,Neon,Raze,Viper
Breach,Brimstone,Chamber,Neon,Reyna
Breach,Chamber,Neon,Sage,Viper
Breach,Brimstone,Chamber,Jett,Neon
Breach,Brimstone,Cypher,Neon,Skye
Breach,Brimstone,Cypher,KAY/O,Raze
Breach,Brimstone,Chamber,Fade,Raze
Astra,Breach,Chamber,Raze,Sage
Breach,Chamber,Jett,Raze,Viper
Breach,Brimstone,Cypher,Neon,Sage
Breach,Brimstone,Chamber,Jett,KAY/O
Astra,Breach,Chamber,Neon,Sage
Astra,Breach,Cypher,Jett,KAY/O
Astra,Breach,Cypher,Sage,Viper
Breach,Brimstone,Cypher,Neon,Viper
Breach,Chamber,Jett,Reyna,Viper
Breach,Chamber,KAY/O,Raze,Viper
Breach,Chamber,Killjoy,Neon,Viper
Chamber,Neon,Reyna,Skye,Viper
Breach,Chamber,KAY/O,Neon,Viper
Breach,Brimstone,Chamber,Fade,Sage
Breach,Brimstone,Cypher,KAY/O,Neon
Breach,Chamber,Cypher,Raze,Viper
Astra,Breach,Brimstone,Cypher,Raze
Breach,Brimstone,Cypher,Neon,Raze
Breach,Brimstone,Cypher,Fade,Raze
Breach,Chamber,KAY/O,Omen,Raze
Astra,Breach,Cypher,Raze,Yoru
Astra,Breach,Chamber,KAY/O,Raze
Astra,Breach,Brimstone,Chamber,Raze
Astra,Breach,Chamber,Neon,Viper
Astra,Breach,Cypher,KAY/O,Neon
